{"cameraMode":{"drawMode":0,"name":"Shaded","section":"Shading Mode"},"sceneLighting":true,"audioPlay":false,"sceneViewState":{"m_AlwaysRefresh":false,"showFog":true,"showSkybox":true,"showFlares":true,"showImageEffects":true,"showParticleSystems":true,"showVisualEffectGraphs":true,"m_FxEnabled":true},"in2DMode":false,"pivot":{"x":37.245506286621097,"y":10.321345329284668,"z":-65.1082763671875},"rotation":{"x":-0.03315551206469536,"y":0.09849248081445694,"z":-0.003221717197448015,"w":-0.9947993159294128},"size":3.895000457763672,"orthographic":false}