{"cameraMode":{"drawMode":0,"name":"Shaded","section":"Shading Mode"},"sceneLighting":true,"audioPlay":false,"sceneViewState":{"m_AlwaysRefresh":false,"showFog":true,"showSkybox":true,"showFlares":true,"showImageEffects":true,"showParticleSystems":true,"showVisualEffectGraphs":true,"m_FxEnabled":true},"in2DMode":false,"pivot":{"x":43.74497985839844,"y":10.963979721069336,"z":-65.66905212402344},"rotation":{"x":-0.046285226941108707,"y":-0.37037575244903567,"z":0.01838090270757675,"w":-0.9277873039245606},"size":3.895000457763672,"orthographic":false}