{"cameraMode":{"drawMode":0,"name":"Shaded","section":"Shading Mode"},"sceneLighting":true,"audioPlay":false,"sceneViewState":{"m_AlwaysRefresh":false,"showFog":true,"showSkybox":true,"showFlares":true,"showImageEffects":true,"showParticleSystems":true,"showVisualEffectGraphs":true,"m_FxEnabled":true},"in2DMode":false,"pivot":{"x":-16.135679244995118,"y":5.509075164794922,"z":-5.108206272125244},"rotation":{"x":-0.049732908606529239,"y":0.05004538595676422,"z":-0.002455407753586769,"w":-0.9976124167442322},"size":31.971200942993165,"orthographic":false}