{"cameraMode":{"drawMode":0,"name":"Shaded","section":"Shading Mode"},"sceneLighting":true,"audioPlay":false,"sceneViewState":{"m_AlwaysRefresh":false,"showFog":true,"showSkybox":true,"showFlares":true,"showImageEffects":true,"showParticleSystems":true,"showVisualEffectGraphs":true,"m_FxEnabled":true},"in2DMode":false,"pivot":{"x":2.812624931335449,"y":1.1027003526687623,"z":-8.715242385864258},"rotation":{"x":0.08357083797454834,"y":-0.5543772578239441,"z":0.05607381463050842,"w":0.8261768817901611},"size":1.5535719394683838,"orthographic":false}